height_above_bed_m,salinity_high_water_psu,salinity_mid_ebb_psu,salinity_low_water_psu,salinity_mid_flood_psu,salinity_mean_psu
0.0878,43.9501,43.9501,43.9501,43.9501,43.9501
0.281,42.8397,41.6269,42.6141,41.6015,42.1705
0.5182,41.6075,39.3946,41.1595,39.3368,40.3746
0.8694,40.1098,37.5363,39.4755,37.455,38.6442
1.4842,38.3127,36.6652,37.7014,36.619,37.3246
2.6962,36.8526,36.5196,36.6557,36.5034,36.6328
4.8302,36.523,36.5052,36.5063,36.5,36.5086
8.3432,36.5005,36.5008,36.5001,36.5,36.5003
14.0516,36.5,36.5002,36.5,36.5,36.5
