time_h,rise_intake_ppt,rise_outfall_ppt
0.0,0.0,0.0
0.06944444444444445,0.0,0.31848895088214135
0.1388888888888889,0.0,0.3567826920502384
0.20833333333333334,5.684341886080802e-14,0.37432718568792467
0.2777777777777778,2.1387336346379016e-11,0.3848381898549391
0.3472222222222222,7.628884191035468e-10,0.3920050522106209
0.4166666666666667,8.700126841176825e-09,0.39727562824762686
0.4861111111111111,5.155398952183532e-08,0.4013481675205952
0.5555555555555556,2.0120720023442118e-07,0.4046079272467722
0.625,5.906892042162326e-07,0.4072876136996513
0.6944444444444444,1.4147279898679699e-06,0.40953700816195493
0.7638888888888888,2.9140849164832616e-06,0.4114571976619956
0.8333333333333334,5.3510397393097264e-06,0.4131190188466505
0.9027777777777778,8.984129465261503e-06,0.41457368521481897
0.9722222222222222,1.4047481073475865e-05,0.41585922640127393
1.0416666666666667,2.07368801454777e-05,0.4170045466067478
1.1111111111111112,2.9202475872125433e-05,0.41803206660768666
1.1805555555555556,3.954689811536127e-05,0.4189594921542934
1.25,5.1827236688950507e-05,0.4198010271936923
1.3194444444444444,6.605944392390484e-05,0.4205682250572167
1.3888888888888888,8.222400951041209e-05,0.42127059805669376
1.4583333333333333,0.00010027207520124648,0.4219160624312579
1.5277777777777777,0.00012013143597044973,0.4225112688646462
1.5972222222222223,0.00014171209350877234,0.42306185200443736
1.6666666666666667,0.00016491118608996658,0.4235726216520064
1.7361111111111112,0.00018961722751953403,0.4240477112629648
1.8055555555555556,0.00021571365637385043,0.4244906947276661
1.875,0.0002430817384748707,0.4249046792473905
1.9444444444444444,0.00027160288672689603,0.4252923799579307
2.013888888888889,0.0003011604718636818,0.42565618044590536
2.0833333333333335,0.0003316411980378575,0.4259981822391481
2.1527777777777777,0.00036293611364612843,0.42632024559020465
2.2222222222222223,0.0003949413214030528,0.4266240233193912
2.2916666666666665,0.00042755844384601005,0.4269109890773919
2.361111111111111,0.0004606948931922261,0.42718246108541535
2.4305555555555554,0.0004942639868374954,0.42743962218360565
2.5,0.0005281849431497676,0.42768353684592597
2.5694444444444446,0.0005623827862493158,0.42791516568699706
2.638888888888889,0.0005967881831878685,0.4281353778837058
2.7083333333333335,0.0006313372325550404,0.42834496185404447
2.7777777777777777,0.0006659712197247813,0.42854463447243063
2.8472222222222223,0.000700636350785544,0.4287350490504238
2.9166666666666665,0.0007352834747891279,0.4289168022715444
2.986111111111111,0.0007698678014165239,0.4290904402366138
3.0555555555555554,0.0008043486199014183,0.42925646374980175
3.125,0.000838689023197503,0.4294153329542283
3.1944444444444446,0.0008728556406296661,0.4295674714084683
3.263888888888889,0.0009068183809759489,0.4297132696810877
3.3333333333333335,0.0009405501877211009,0.42985308852828297
3.4027777777777777,0.0009740268069506897,0.4299872617098899
3.4722222222222223,0.0010072265687881554,0.4301160984910197
3.5416666666666665,0.0010401301821332254,0.4302398858693195
3.611111111111111,0.0010727205428224806,0.43035889056258014
3.6805555555555554,0.0011049825547218006,0.4304733607860527
3.75,0.0011369029634025196,0.4305835278452008
3.8194444444444446,0.001168470201918126,0.4306896075658102
3.888888888888889,0.0011996742479070122,0.4307918015806038
3.9583333333333335,0.0012305064915949515,0.4308902984888334
4.027777777777778,0.0012609596139014911,0.4309852749034562
4.097222222222222,0.0012910274741528838,0.43107689639826674
4.166666666666667,0.0013207050065844328,0.4311653183661406
4.236111111111111,0.0013499881251917145,0.43125068679789536
4.305555555555555,0.001378873636255662,0.4313331389903752
4.375,0.0014073591579659706,0.43141280419103367
4.444444444444445,0.0014354430466170243,0.43148980418570204
4.513888888888889,0.0014631243289855433,0.431564253835262
4.583333333333333,0.0014904026401652004,0.4316362615663678
4.652777777777778,0.0015172781667018853,0.431705929820815
4.722222222222222,0.0015437515943901303,0.4317733554674774
4.791666666666667,0.0015698240605459546,0.4318386301804935
4.861111111111111,0.0015954971101237447,0.43190184078692084
4.930555555555555,0.0016207726557553315,0.4319630695865655
5.0,0.0016456529409722975,0.43202239464677916
5.069444444444445,0.001670140506625728,0.43207989007424885
5.138888888888889,0.0016942381601623424,0.43213562626607427
5.208333333333333,0.001717948947479897,0.4321896701417458
5.277777777777778,0.0017412761271984323,0.4322420853579345
5.347222222222222,0.001764223147084465,0.43229293250731615
5.416666666666667,0.001786793622571281,0.4323422693029926
5.486111111111111,0.001808991317005848,0.43239015074965437
5.555555555555555,0.0018308201236578725,0.43243662930253635
5.625,0.0018522840492920523,0.4324817550152318
5.694444444444445,0.0018733871990548323,0.4325255756772677
5.763888888888889,0.0018941337627893517,0.4325681369422014
5.833333333333333,0.0019145280024162048,0.4326094824470559
5.902777777777778,0.0019345742404723865,0.4326496539237965
5.972222222222222,0.001954276849659209,0.432688691303305
6.041666666666667,0.001973640243207342,0.43272663281261003
6.111111111111111,0.001992668866215297,0.43276351506582955
6.180555555555555,0.0020113671876273997,0.4327993731492583
6.25,0.0020297396929862543,0.4328342407010197
6.319444444444445,0.002047790877831801,0.43286814998574386
6.388888888888889,0.0020655252416332814,0.4329011319646554
6.458333333333333,0.0020829472823322703,0.43293321636127047
6.527777777777778,0.0021000614913191384,0.432964431723164
6.597222222222222,0.0021168723489140007,0.4329948054799715
6.666666666666667,0.002133384320210041,0.4330243639979443
6.736111111111111,0.002149601851400007,0.4330531326313434
6.805555555555555,0.002165529366315866,0.4330811357707063
6.875,0.002181171263380577,0.43310839688849967
6.944444444444445,0.0021965319128725014,0.43313493858196495
7.013888888888889,0.0022116156543887655,0.4331607826137116
7.083333333333333,0.002226426794585734,0.43318594994988757
7.152777777777778,0.0022409696051965966,0.43321046079636005
7.222222222222222,0.002255248321205272,0.43323433463276473
7.291666666666667,0.0022692671391837393,0.43325759024483546
7.361111111111111,0.002283030215899373,0.43328024575491497
7.430555555555555,0.0022965416670572836,0.43330231865081714
7.5,0.0023098055660923933,0.4333238258132326
7.569444444444445,0.0023228259432386267,0.433344783541628
7.638888888888889,0.002335606784654942,0.4333652075788379
7.708333333333333,0.0023481520316579463,0.4333851131343778
7.777777777777778,0.0023604655800895102,0.4334045149065844
7.847222222222222,0.002372551279776758,0.43342342710359105
7.916666666666667,0.002384412934077318,0.4334418634633579
7.986111111111111,0.002396054299509842,0.4334598372725367
8.055555555555555,0.0024074790854484718,0.4334773613846252
8.125,0.002418690953902569,0.43349444823704175
8.194444444444445,0.002429693519367504,0.43351110986748154
8.26388888888889,0.002440490348703861,0.43352735792948494
8.333333333333334,0.002451084961123229,0.4335432037072451
8.402777777777779,0.0024614808281526734,0.4335586581297264
8.472222222222221,0.002471681373691581,0.4335737317841222
8.541666666666666,0.0024816899741466614,0.43358843492870847
8.61111111111111,0.0024915099584958966,0.433602777505115
8.680555555555555,0.002501144608501704,0.43361676914998526
8.75,0.002510597158881467,0.43363041920621015
8.819444444444445,0.002519870797542012,0.4336437367335364
8.88888888888889,0.0025289686658425126,0.43365673051886944
8.958333333333334,0.0025378938588573874,0.433669409085951
9.027777777777779,0.0025466494257031513,0.43368178070472396
9.097222222222221,0.0025552383698084213,0.43369385340033517
9.166666666666666,0.0025636636493189258,0.43370563496157644
9.23611111111111,0.0025719281774172487,0.4337171329491767
9.305555555555555,0.002580034822692312,0.43372835470363214
9.375,0.0025879864095372795,0.4337393073527096
9.444444444444445,0.002595785718568777,0.43374999781867274
9.51388888888889,0.0026034354869892695,0.43376043282523824
9.583333333333334,0.002610938409048913,0.4337706189041768
9.652777777777779,0.00261829713645767,0.43378056240171503
9.722222222222221,0.0026255142788258468,0.43379026948463917
9.791666666666666,0.002632592404125944,0.4337997461461853
9.86111111111111,0.002639534039090563,0.4338089982117026
9.930555555555555,0.0026463416697524167,0.43381803134404606
10.0,0.002653017741828023,0.4338268510488419
10.069444444444445,0.0026595646612221913,0.43383546267947537
10.13888888888889,0.002665984794489873,0.4338438714419368
10.208333333333334,0.0026722804693051216,0.43385208239944717
10.277777777777779,0.002678453974937156,0.4338601004769629
10.347222222222221,0.0026845075627193182,0.43386793046546757
10.416666666666666,0.002690443446525137,0.4338755770261429
10.48611111111111,0.002696263803258603,0.43388304469431205
10.555555555555555,0.0027019707733231257,0.43389033788333364
10.625,0.0027075664610691774,0.4338974608883319
10.694444444444445,0.0027130529353343036,0.4339044178897353
10.76388888888889,0.002718432229855239,0.43391121295675106
10.833333333333334,0.0027237063437794973,0.4339178500506833
10.902777777777779,0.00272887724212012,0.43392433302818745
10.972222222222221,0.0027339468562388447,0.43393066564430427
11.041666666666666,0.002738917084307957,0.4339368515555364
11.11111111111111,0.0027437897917721443,0.4339428943226551
11.180555555555555,0.00274856681182456,0.43394879741358494
11.25,0.0027532499458686743,0.43395456420601874
11.319444444444445,0.002757840963958813,0.4339601979901033
11.38888888888889,0.002762341605269114,0.4339657019708838
11.458333333333334,0.002766753578555381,0.4339710792708189
11.527777777777779,0.002771078562574303,0.43397633293207605
11.597222222222221,0.002775318206573729,0.43398146591883346
11.666666666666666,0.0027794741306905735,0.4339864811195113
11.73611111111111,0.0027835479264197716,0.4339913813488536
11.805555555555555,0.0027875411570263964,0.4339961693500598
11.875,0.0027914553579933,0.434000847796689
11.944444444444445,0.0027952920374403334,0.4340054192947136
12.01388888888889,0.0027990526765577783,0.4340098863843025
12.083333333333334,0.002802738729997145,0.43401425154167583
12.152777777777779,0.0028063516263330257,0.4340185171808386
12.222222222222221,0.0028098927683970487,0.43402268565531443
12.291666666666666,0.002813363533782365,0.43402675925978684
12.36111111111111,0.0028167652751562855,0.43403074023169097
12.430555555555555,0.002820099320722136,0.4340346307527483
12.5,0.002823366974560315,0.4340384329505298
12.569444444444445,0.0028265695170617278,0.4340421488998345
12.63888888888889,0.0028297082052617384,0.4340457806241673
12.708333333333334,0.002832784273273603,0.4340493300970749
12.777777777777779,0.002835798932636635,0.4340527992435028
12.847222222222221,0.00283875337265016,0.4340561899410744
12.916666666666666,0.002841648760835369,0.434059504021306
12.98611111111111,0.002844486243169797,0.434062743270907
13.055555555555555,0.0028472669445704923,0.43406590943286716
13.125,0.0028499919691427067,0.4340690042076787
13.194444444444445,0.00285266240059201,0.434072029254402
13.26388888888889,0.002855279302515612,0.4340749861917743
13.333333333333334,0.0028578437188215844,0.4340778765992255
13.402777777777779,0.002860356673963338,0.4340807020179156
13.472222222222221,0.0028628191733233166,0.4340834639517652
13.541666666666666,0.0028652322035682687,0.4340861638683293
13.61111111111111,0.0028675967328766205,0.43408880319981336
13.680555555555555,0.0028699137113576967,0.43409138334391884
13.75,0.002872184071271988,0.43409390566479544
13.819444444444445,0.0028744087274148455,0.43409637149382974
13.88888888888889,0.0028765885773722744,0.434098782130512
13.958333333333334,0.002878724501819363,0.4341011388432534
14.027777777777779,0.0028808173648613433,0.43410344287015334
14.097222222222221,0.0028828680142467533,0.43410569541978816
14.166666666666666,0.002884877281729814,0.4341078976719501
14.23611111111111,0.002886845983290698,0.43411005077834375
14.305555555555555,0.002888774919462378,0.43411215586333185
14.375,0.002890664875550897,0.4341142140246177
14.444444444444445,0.0028925166219622156,0.43411622633385605
14.51388888888889,0.0028943309144224827,0.43411819383739925
14.583333333333334,0.002896108494255145,0.4341201175568514
14.652777777777779,0.002897850088636744,0.4341219984896938
14.722222222222221,0.002899556410845605,0.4341238376099099
14.791666666666666,0.0029012281605176327,0.43412563586856123
14.86111111111111,0.0029028660239021065,0.4341273941943413
14.930555555555555,0.002904470674046422,0.4341291134941372
15.0,0.002906042771122941,0.4341307946535622
15.069444444444445,0.0029075829625924143,0.43413243853748185
15.13888888888889,0.0029090918834455692,0.4341340459905041
15.208333333333334,0.0029105701564589026,0.4341356178375193
15.277777777777779,0.0029120183923865284,0.43413715488414795
15.347222222222221,0.002913437190201762,0.4341386579172024
15.416666666666666,0.0029148271372818613,0.4341401277051986
15.48611111111111,0.002916188809642506,0.43414156499872547
15.555555555555555,0.002917522772165171,0.4341429705309352
15.625,0.0029188295787534457,0.4341443450179625
15.694444444444445,0.0029201097725604086,0.4341456891593225
15.76388888888889,0.002921363886208894,0.4341470036382873
15.833333333333334,0.002922592441940708,0.4341482891223549
15.902777777777779,0.0029237959518439993,0.43414954626353364
15.972222222222221,0.0029249749180166873,0.43415077569880367
16.041666666666668,0.002926129832772517,0.4341519780503873
16.11111111111111,0.0029272611788329073,0.4341531539262107
16.180555555555557,0.002928369429440636,0.4341543039201383
16.25,0.002929455048636953,0.4341554286123852
16.319444444444443,0.0029305184913397397,0.43415652856982234
16.38888888888889,0.0029315602035637767,0.43415760434627515
16.458333333333332,0.0029325806225983797,0.43415865648286456
16.52777777777778,0.0029335801771210868,0.434159685508277
16.59722222222222,0.0029345592874108206,0.43416069193910545
16.666666666666668,0.002935518365468681,0.43416167628007685
16.73611111111111,0.0029364578152026866,0.434162639024386
16.805555555555557,0.0029373780325698817,0.43416358065394434
16.875,0.002938279405704236,0.4341645016396569
16.944444444444443,0.0029391623151155954,0.434165402441657
17.01388888888889,0.0029400271337749473,0.4341662835096116
17.083333333333332,0.0029408742272991617,0.4341671452829132
17.15277777777778,0.002941703954078889,0.4341679881909499
17.22222222222222,0.002942516665420669,0.43416881265333984
17.291666666666668,0.0029433127056606168,0.4341696190801443
17.36111111111111,0.002944092412327848,0.4341704078721378
17.430555555555557,0.0029448561162581655,0.4341711794209502
17.5,0.0029456041417148526,0.43417193410935084
17.569444444444443,0.0029463368065307804,0.4341726723114263
17.63888888888889,0.002947054422222095,0.43417339439277214
17.708333333333332,0.0029477572941303265,0.43417410071072027
17.77777777777778,0.002948445721486337,0.43417479161449535
17.84722222222222,0.002949119997595062,0.4341754674454421
17.916666666666668,0.002949780409920777,0.434176128537203
17.98611111111111,0.0029504272401652543,0.4341767752158461
18.055555555555557,0.0029510607644454012,0.4341774078001066
18.125,0.002951681253357208,0.43417802660152915
18.194444444444443,0.0029522889720965395,0.4341786319246381
18.26388888888889,0.002952884180551507,0.43417922406707987
18.333333333333332,0.0029534671334161544,0.43417980331980743
18.40277777777778,0.002954038080297039,0.4341803699672582
18.47222222222222,0.0029545972657984976,0.4341809242874177
18.541666666666668,0.002955144929636333,0.4341814665520758
18.61111111111111,0.0029556813067088683,0.4341819970268972
18.680555555555557,0.002956206627203528,0.4341825159715711
18.75,0.0029567211167105256,0.4341830236399886
18.819444444444443,0.0029572249962726005,0.43418352028033524
18.88888888888889,0.0029577184824916003,0.4341840061352329
18.958333333333332,0.0029582017876279565,0.43418448144188204
19.02777777777778,0.002958675119678844,0.4341849464321541
19.09722222222222,0.002959138682435025,0.43418540133276196
19.166666666666668,0.002959592675615852,0.4341858463653381
19.23611111111111,0.002960037294890583,0.4341862817465483
19.305555555555557,0.0029604727320062807,0.43418670768824796
19.375,0.0029608991748446556,0.43418712439753904
19.444444444444443,0.002961316807486014,0.43418753207691196
19.51388888888889,0.0029617258103158406,0.43418793092435237
19.583333333333332,0.0029621263600461134,0.4341883211334334
19.65277777777778,0.0029625186298574135,0.43418870289340106
19.72222222222222,0.00296290278940603,0.43418907638930193
19.791666666666668,0.002963279004944752,0.43418944180206864
19.86111111111111,0.0029636474393228696,0.4341897993085979
19.930555555555557,0.0029640082521424915,0.43419014908185716
20.0,0.002964361599737231,0.43419049129098397
20.069444444444443,0.0029647076353072066,0.43419082610135007
20.13888888888889,0.0029650465089190448,0.43419115367464656
20.208333333333332,0.002965378367612459,0.4341914741689976
20.27777777777778,0.0029657033554570944,0.43419178773901734
20.34722222222222,0.0029660216135880546,0.4341920945358808
20.416666666666668,0.0029663332802698505,0.43419239470741644
20.48611111111111,0.002966638490967455,0.43419268839819836
20.555555555555557,0.0029669373784102504,0.43419297574958193
20.625,0.0029672300726062417,0.43419325689980326
20.694444444444443,0.0029675167009273196,0.4341935319840218
20.76388888888889,0.0029677973881803155,0.43419380113445527
20.833333333333332,0.002968072256592791,0.43419406448034437
20.90277777777778,0.0029683414259409346,0.43419432214812304
20.97222222222222,0.002968605013542458,0.4341945742613973
21.041666666666668,0.002968863134334754,0.4341948209410731
21.11111111111111,0.002969115900910424,0.43419506230538474
21.180555555555557,0.0029693634235670174,0.43419529846993754
21.25,0.0029696058103638734,0.4341955295478144
21.319444444444443,0.002969843167150543,0.4341957556496041
21.38888888888889,0.0029700755976165283,0.43419597688344425
21.458333333333332,0.0029703032033339127,0.4341961933551062
21.52777777777778,0.002970526083799996,0.4341964051680307
21.59722222222222,0.0029707443364799246,0.434196612423392
21.666666666666668,0.002970958056870643,0.4341968152201119
21.73611111111111,0.00297116733848668,0.4341970136549662
21.805555555555557,0.002971372272945416,0.4341972078226064
21.875,0.0029715729499955046,0.43419739781557354
21.944444444444443,0.0029717694575452924,0.4341975837244263
22.01388888888889,0.002971961881705454,0.4341977656376841
22.083333333333332,0.0029721503068174115,0.43419794364195496
22.15277777777778,0.0029723348155101803,0.43419811782194273
22.22222222222222,0.0029725154887074723,0.43419828826049667
22.291666666666668,0.002972692405691646,0.43419845503864707
22.36111111111111,0.002972865644103706,0.43419861823564077
22.430555555555557,0.002973035280000147,0.4341987779290122
22.5,0.0029732013878813746,0.4341989341945691
22.569444444444443,0.002973364040720128,0.43419908710648514
22.63888888888889,0.002973523309997006,0.43419923673730665
22.708333333333332,0.0029736792657004685,0.43419938315798134
22.77777777777778,0.002973831976426311,0.43419952643790793
22.84722222222222,0.002973981509320822,0.4341996666449788
22.916666666666668,0.002974127930173154,0.4341998038456154
22.98611111111111,0.002974271303415321,0.4341999381047543
23.055555555555557,0.0029744116921506247,0.43420006948593226
23.125,0.0029745491582175987,0.4342001980513075
23.194444444444443,0.0029746837621402733,0.43420032386166696
23.26388888888889,0.0029748155632205453,0.4342004469764902
23.333333333333332,0.002974944619523967,0.4342005674539351
23.40277777777778,0.0029750709879650117,0.43420068535091616
23.47222222222222,0.0029751947242289134,0.4342008007230831
23.541666666666668,0.002975315882899565,0.4342009136249061
23.61111111111111,0.002975434517416886,0.43420102410963324
23.680555555555557,0.0029755506801194542,0.43420113222937573
23.75,0.0029756644222800332,0.434201238035115
23.819444444444443,0.0029757757941197838,0.43420134157670276
23.88888888888889,0.002975884844786947,0.43420144290292484
23.958333333333332,0.0029759916224634253,0.4342015420614871
24.02777777777778,0.002976096174315046,0.4342016390990793
24.09722222222222,0.002976198546548403,0.43420173406136797
24.166666666666668,0.0029762987843895417,0.434201826993025
24.23611111111111,0.002976396932169223,0.43420191793774165
24.305555555555557,0.002976493033266081,0.4342020069382926
24.375,0.0029765871302060987,0.43420209403649324
24.444444444444443,0.0029766792645986584,0.43420217927326377
24.51388888888889,0.002976769477207597,0.43420226268862905
24.583333333333332,0.002976857807965416,0.4342023443217542
24.65277777777778,0.0029769442959661774,0.4342024242109588
24.72222222222222,0.002977028979508134,0.4342025023937168
24.791666666666668,0.0029771118960937315,0.43420257890670655
24.86111111111111,0.0029771930824438186,0.43420265378578904
24.930555555555557,0.002977272574533174,0.4342027270660722
25.0,0.0029773504075762958,0.4342027987819108
25.069444444444443,0.0029774266160700336,0.4342028689668709
25.13888888888889,0.0029775012338078,0.4342029376538292
25.208333333333332,0.0029775742938653593,0.434203004874945
25.27777777777778,0.002977645828650566,0.4342030706616882
25.34722222222222,0.002977715869882047,0.4342031350448039
25.416666666666668,0.0029777844486389426,0.4342031980544476
25.48611111111111,0.0029778515953680085,0.43420325972007134
25.555555555555557,0.00297791733983388,0.43420332007048046
25.625,0.0029779817112469686,0.4342033791338977
25.694444444444443,0.0029780447381781983,0.4342034369379135
25.76388888888889,0.0029781064486087416,0.43420349350952137
25.833333333333332,0.002978166869958443,0.43420354887513923
25.90277777777778,0.0029782260290645013,0.43420360306060957
25.97222222222222,0.002978283952202787,0.4342036560912277
26.041666666666668,0.0029783406651162636,0.4342037079917205
26.11111111111111,0.0029783961930078817,0.43420375878630324
26.180555555555557,0.0029784505605690015,0.43420380849865836
26.25,0.0029785037919722868,0.43420385715196375
26.319444444444443,0.0029785559108788107,0.4342039047688928
26.38888888888889,0.0029786069404664772,0.4342039513716216
26.458333333333332,0.0029786569034442323,0.4342039969818714
26.52777777777778,0.002978705822030747,0.4342040416208732
26.59722222222222,0.0029787537179970514,0.43420408530941046
26.666666666666668,0.0029788006126665323,0.4342041280678117
26.73611111111111,0.0029788465268936193,0.43420416991599353
26.805555555555557,0.0029788914811277323,0.43420421087340344
26.875,0.0029789354953919656,0.4342042509590982
26.944444444444443,0.0029789785892617715,0.43420429019170825
27.01388888888889,0.002979020781957331,0.43420432858948743
27.083333333333332,0.0029790620922653943,0.43420436617027036
27.15277777777778,0.0029791025385819125,0.4342044029515222
27.22222222222222,0.002979142138933355,0.43420443895032435
27.291666666666668,0.002979180910962498,0.4342044741833959
