z_over_D,dilution
8.046062657256808,2.8345022676202563
8.10275270612359,2.8474275982214374
8.159701261666317,2.860411868333739
8.216909502676202,2.8734553467213804
8.274378613319767,2.886558303374148
8.332109783163338,2.899721009512981
8.390104207197675,2.912943737595587
8.448363085862711,2.9262267613220816
8.506887625072393,2.9395703556406536
8.565679036239649,2.952974796753256
8.624738536301455,2.9664403621213244
8.684067347744042,2.979967330471517
8.743666698628184,2.9935559818014896
8.803537822614622,3.007206597385687
8.86368195898961,3.0209194597811626
8.92410035269055,3.0346948528334368
8.984794254331778,3.048533061682362
9.045764920230441,3.0624343727680303
9.107013612432509,3.0763990738367024
9.168541598738889,3.090427453946761
9.23035015273168,3.1045198034746964
9.292440553800521,3.1186764141211203
9.354814087169089,3.1328975789167925
9.41747204392169,3.147183592228701
9.480415721029988,3.161534749766144
9.543646421379858,3.175951348586858
9.607165453798341,3.1904336871031593
9.670974133080751,3.2049820650881298
9.735073780017878,3.2195967836818182
9.799465721423337,3.2342781453974645
9.864151290161026,3.2490264541277796
9.929131825172716,3.263842015151223
9.994408671505774,3.278725135138323
10.059983180340993,3.2936761221580295
10.125856709020571,3.3086952856840846
10.1920306210762,3.3237829366014338
10.258506286257292,3.3389393872126587
10.325285080559334,3.3541649512444414
10.392368386252373,3.36945994385406
10.459757591909622,3.38482468163591
10.527454092436201,3.400259482628056
10.595459289098024,3.4157646663188213
10.663774589550787,3.4313405536533943
10.73240140786912,3.4469874670404757
10.801341164575849,3.4627057303589543
10.870595286671401,3.4784956689646
10.940165207663346,3.4943576096968134
11.010052367596073,3.5102918808853807
11.080258213080583,3.526298812357274
11.15078419732445,3.542378735443476
11.221631780161891,3.5585319829858424
11.292802428083988,3.5747588893439888
11.364297614269043,3.5910597904022077
11.436118818613075,3.6074350235764348
11.508267527760443,3.623884927821214
11.580745235134636,3.640409843636727
11.653553440969162,3.6570101130758386
11.72669365233863,3.6736860797511746
11.80016738318992,3.690438088842236
11.873976154373542,3.7072664871025447
11.9481214936751,3.724171622866822
12.022604935846928,3.741153846058188
12.09742802263985,3.7582135081954284
12.1725923028351,3.7753509624002395
12.248099332276384,3.7925665634045713
12.323950673902068,3.809860667557938
12.400147897777554,3.8272336328348167
12.476692581127757,3.84468581884205
12.553586308369773,3.8622175868262874
12.630830671145656,3.8798292996814623
12.708427268355383,3.897521321956315
12.786377706189933,3.9152940198619146
12.864683598164554,3.933147761279273
12.943346565152138,3.9510829157669245
13.022368235416797,3.969099854568604
13.101750244647546,3.987198950620913
13.181494235992174,4.005380578561047
13.261601860091256,4.023645114734549
13.342074775112314,4.041992937203103
13.422914646784143,4.060424425752351
13.504123148431296,4.078939961899762
13.585701961008708,4.097539928902526
13.667652773136506,4.116224711765486
13.749977281134957,4.134994697249119
13.832677189059577,4.153850273877514
13.915754208736407,4.172791831946445
13.99921005979745,4.191819763531438
14.083046469716262,4.210934462495876
14.167265173843713,4.230136324499168
14.251867915443908,4.2494257470049295
14.33685644573027,4.268803129289212
14.422232523901787,4.288268872448774
14.507997917179436,4.307823379409367
14.594154400842754,4.327467054934095
14.68070375826659,4.347200305631779
14.767647780958017,4.367023539965379
14.85498826859342,4.386937168260454
14.94272702905575,4.406941602713643
15.030865878471932,4.427037257401207
15.119406641250482,4.447224548287598
15.208351150119247,4.467503893234069
15.29770124616336,4.487875712007315
15.387458778863342,4.508340426288183
15.477625606133383,4.528898459680376
15.568203594359806,4.54955023771924
15.6591946184397,4.570296187880561
15.750600561819724,4.591136739589416
15.842423316535097,4.612072324229068
15.934664783248769,4.633103375149884
16.02732687129075,4.654230327678317
16.120411498697646,4.6754536191259115
16.213920592252354,4.696773688798351
16.307856087523945,4.718190978004559
16.402219928907734,4.739705930065832
16.49701406966553,4.761318990325012
16.592240471966054,4.783030606155706
16.68790110692558,4.804841226971554
16.78399795464871,4.826751304235518
16.880533004269388,4.84876129146924
16.977508253992042,4.8708716442624205
17.074925711132977,4.893082820282255
17.172787392161904,4.915395279282898
17.2710953227437,4.937809483115002
17.36985153778032,4.960325895735241
17.46905808145293,4.98294498321595
17.568717007264215,5.005667213754755
17.66883037808089,5.028493057684259
17.769400266176408,5.0514229874817955
17.870428753273828,5.074457477779191
17.97191793058894,5.097597005372599
18.073869898873536,5.120842049232372
18.176286768458894,5.14419309051296
18.27917065929946,5.167650612562895
18.38252370101674,5.1912151009347705
18.48634803294338,5.214887043395312
18.590645804167437,5.238666929935459
18.69541917357688,5.2625552527805155
18.800670309904277,5.286552506400344
18.906401391771666,5.310659187519582
19.012614607735696,5.334875795127946
19.119312156332878,5.359202830490542
19.22649624612513,5.383640797158252
19.33416909574548,5.408190200978156
19.442332933944,5.432851550104006
19.550989999633927,5.457625355006732
19.66014254193801,5.482512128485014
19.769792820235093,5.507512385675902
19.879943104206838,5.532626644065484
19.990595673884744,5.557855423499576
20.10175281969734,5.583199246194503
20.213416842517564,5.6086586367479
20.32559005371043,5.634234122149574
20.438274775180865,5.65992623179241
20.55147333942174,5.685735497483325
20.665188089562193,5.711662453454286
20.779421379416117,5.737707636373361
20.89417557353087,5.763871585355834
21.009453047236235,5.790154841975352
21.125256186693594,5.816557950275151
21.241587388945305,5.843081456779303
21.358449061964336,5.869725910504045
21.47584362470409,5.896491862969121
21.593773507148512,5.923379868209221
21.712241150362342,5.95039048278544
21.831249006541686,5.977524265796785
21.950799539064754,6.004781778891778
22.070895222542866,6.032163586280049
22.19153854287166,6.05967025474404
22.312731997282558,6.087302353650723
22.434478094394464,6.115060454963389
22.556779354265686,6.14294513325349
22.6796383084461,6.170956965712533
22.803057500029556,6.199096532164021
22.927039483706515,6.227364415075461
23.051586825816944,6.255761199570417
23.17670210440343,6.2842874734406236
23.30238790926453,6.312943827158152
23.42864684200842,6.341730853887639
23.555481516106706,6.370649149498555
23.682894556948543,6.399699312577538
23.810888601894984,6.428881944440799
23.939466300333567,6.458197649146548
24.06863031373316,6.487647033507515
24.198383315699044,6.517230707103502
24.328727992028274,6.5469492822939985
24.459667040765254,6.576803374230874
24.591203172257615,6.60679360087108
24.723339109212287,6.6369205829894735
24.856077586751887,6.667184944191653
24.989421352471318,6.697587310926861
25.12337316649465,6.7281283125009566
25.25793580153226,6.758808581089451
25.39311204293822,6.789628751750574
25.528904688767966,6.820589462438434
25.6653165498362,6.851691354016218
25.802350449775076,6.882935070269472
25.94000922509268,6.914321257919389
26.07829572523171,6.945850566636239
26.217212812628468,6.977523649052786
26.35676336277213,7.009341160777822
26.496950264264253,7.041303760409708
26.637776418878573,7.073412109550043
26.779244741621074,7.105666872817325
26.92135816079033,7.138068717860725
27.064119618038116,7.170618315373906
27.207532068430314,7.203316339108906
27.351598480508066,7.236163465890089
27.49632183634924,7.269160375628129
27.641705131630133,7.302307751334128
27.787751375687524,7.335606279133712
27.934463591580943,7.369056648281262
28.081844816155233,7.402659551174155
28.229898100103455,7.4364156833671355
28.37862650803,7.47032574358667
28.528033118514045,7.504390433745437
28.678121024173283,7.538610458956847
28.82889333172793,7.572986527549638
28.980353162065047,7.607519351082552
29.13250365030314,7.642209644359029
29.285347945857048,7.677058125442038
29.438889212503152,7.712065515668936
29.593130628444857,7.747232539666378
29.748075386378385,7.782559925365338
29.903726693558866,7.818048404016159
30.060087771866726,7.853698710203715
30.21716185787439,7.889511581862588
30.374952202913263,7.925487760292353
30.533462073141056,7.961627990172944
30.69269474960938,7.997933019580027
30.852653528331675,8.03440360000052
31.013341720351438,8.071040486348133
31.174762651810752,8.107844436979008
31.336919664019156,8.144816213707383
31.4998161135228,8.181956581821408
31.663455372173928,8.21926631009895
31.827840827200685,8.256746170823522
31.99297588127723,8.294396939800261
32.15886395259417,8.332219396372002
32.32550847492932,8.370214323435395
32.492912897718796,8.408382507457109
32.6610806861284,8.446724738490126
32.83001532112535,8.48524181019008
32.99972029955039,8.523934519831704
33.170199134190085,8.562803668325305
33.341455353849625,8.601850060233378
33.51349250342582,8.641074503787225
33.686314143980525,8.6804778109037
33.85992385281429,8.720060797202034
34.03432522354049,8.75982428202069
34.20952186615966,8.799769088434319
34.385517407134266,8.839896043270844
34.56231548946372,8.88020597712851
34.739919772759855,8.920699724393138
34.918333933322636,8.961378123255349
35.097561664216286,9.002242015727942
35.27760667534574,9.04329224766331
35.45847269353341,9.084529668770962
35.64016346259638,9.1259551326351
35.822682743423854,9.167569496732288
36.006034314055064,9.20937362244921
36.190221969757445,9.25136837510049
36.3752495231052,9.293554623946616
36.56112080405822,9.335933242211926
36.74783966004142,9.378505107102672
36.935409956024316,9.421271099825214
37.123835574601046,9.464232105604207
37.31312041607079,9.507389013700985
37.503268398518465,9.550742717431906
37.69428345789584,9.594294114186907
37.88616954810304,9.638044105448031
38.07893064107037,9.681993596808105
38.27257072684053,9.726143497989485
38.467093813651246,9.770494722862901
38.662503928018225,9.815048189466342
38.8588051148185,9.859804820024078
39.0560014373742,9.90476554096576
39.25409697753661,9.949931282945581
39.45309583577073,9.995302980861544
39.65300213124009,10.040881573874822
39.85382000189211,10.086668005429186
40.055553604543675,10.132663223270526
40.258207114967234,10.178868179466516
40.46178472797723,10.225283830426262
40.666290657516946,10.271911136920126
40.87172913674574,10.318751064099631
41.078104418126664,10.365804581517414
41.2854207735145,10.413072663147291
41.4936824942442,10.460556287404456
41.702893891219716,10.508256437165684
41.91305929500324,10.556174099789722
42.124183055904865,10.604310267137683
42.336269544072636,10.652665935593637
42.54932314958302,10.701242106085148
42.76334828253176,10.750039784104095
42.97834937312522,10.799059979727406
43.19433087177206,10.848303707638005
43.41129724917539,10.897771987145807
43.62925299642529,10.947465842208814
43.84820262509182,10.997386301454315
44.06815066731838,11.047534398200176
44.28910167591556,11.09791117047624
44.51106022445539,11.148517661045782
44.734030907366,11.199354917427145
44.95801834002674,11.250423991915378
45.183027158863744,11.301725941604044
45.4090620214459,11.353261828407089
45.63612760658124,11.40503271908083
45.86422861441387,11.457039685246038
46.09336976652119,11.50928380341011
46.323555806011726,11.561766154989373
46.55479149762322,11.614487826331443
46.78708162782136,11.667449908737728
47.020431004898825,11.720653498486023
47.254844459074825,11.77409969685319
47.49032684259511,11.82778961013796
47.72688302983242,11.881724349683841
47.964517917387376,11.935905031902104
48.203236424189875,11.99033277829491
48.4430434916009,12.045008715478524
48.683944083514845,12.09993397520661
48.92594318646224,12.155109694393705
49.169045809713005,12.210537015138714
49.41325698538016,12.26621708474857
49.65858176852399,12.322151055761964
49.90502523725667,12.378340085973251
50.15259249284747,12.43478533845634
50.40128865982827,12.491487981588833
50.65111888609971,12.548449189076198
50.90208834303774,12.605670139976034
51.15420222560069,12.663152018722526
51.40746575243682,12.720896015150903
51.66188416599235,12.77890332452214
51.917462732619974,12.837175147547631
52.17420674268792,12.895712690414086
52.43212151068948,12.954517164808493
52.691212375352976,13.013589787943188
52.95148469975235,13.072931782581044
53.21294387141816,13.132544377060833
53.47559530244913,13.192428805322583
53.739444429624164,13.252586306933159
54.004496714514936,13.313018127111937
54.27075764359896,13.37372551675654
54.53823272837317,13.434709732468752
54.806927505467975,13.495972036580557
55.076847536761974,13.557513697180205
55.34799840949702,13.619335988138523
55.62038573639396,13.681440189135268
55.894015155768756,13.743827585685583
56.16889233164929,13.806499469166653
56.44502295389258,13.86945713684441
56.72241273830261,13.932701891900404
57.001067426748634,13.996235043458757
57.28099278728407,14.060057906613292
57.562194614265906,14.124171802454722
57.84467872847466,14.188578058098019
58.128450977234905,14.25327800670989
58.41351723453632,14.318272987536359
58.69988340115529,14.38356434593048
58.98755540477706,14.449153433380234
59.27653920011852,14.515041607536435
59.56684076905141,14.58123023224091
59.858466120726234,14.647720677554666
60.1514212916966,14.714514319786288
60.44571234604424,14.781612541520408
60.74134537550458,14.849016731646365
61.0383264995928,14.916728285386894
61.33666186573059,14.98474860432705
61.63635764937339,15.05307909644322
61.93742005413822,15.12172117613227
62.239855311932196,15.190676264240773
62.543669683081475,15.259945788094504
62.848869456460925,15.329531181527928
63.155460949624285,15.399433884913893
63.463450508935,15.46965534519347
63.77284450969756,15.540197015905859
64.08364935628958,15.611060357218541
64.39587148229434,15.682246835957429
64.70951735063397,15.753757925637304
65.02459345370332,15.825595106492278
65.34110631350428,15.897759865506432
65.65906248178095,15.97025369644461
65.97846854015519,16.043078099883356
66.29933110026289,16.116234583241962
66.62165680389091,16.18972466081363
66.94545232311457,16.263549853796917
67.27072436043576,16.337711690327126
67.59747964892176,16.412211705508007
67.92572495234465,16.48705144144349
68.2554670653213,16.562232447269636
68.58671281345407,16.637756279186707
68.91946905347214,16.71362450049134
69.25374267337351,16.789838681608963
69.58954059256753,16.866400400126267
69.92686976201828,16.943311240823885
70.26573716438836,17.020572795709178
70.60614981418355,17.098186664049198
70.94811475789807,17.176154452403825
71.29163907416036,17.254477774658955
71.63672987387979,17.333158252059985
71.98339430039375,17.412197513245307
72.33163952961569,17.491597194280093
72.68147277018357,17.571358938690096
73.03290126360926,17.6514843974957
73.3859322844283,17.731975229246135
73.74057314035073,17.812833100053727
74.0968311724122,17.89405968362845
74.45471375512608,17.975656661312573
74.81422829663617,18.05762572211545
75.17538223887006,18.13996856274846
75.53818305769315,18.22268688766019
75.90263826306357,18.305782409071657
76.2687553991876,18.38925684701181
76.63654204467589,18.473111929353067
77.00600581270044,18.557349391847158
77.37715435115209,18.64197097816101
77.74999534279907,18.72697843991287
78.12453650544596,18.812373536708513
78.50078559209352,18.898158036177755
78.87875039109923,18.984333714010965
79.25843872633857,19.07090235399585
79.639858457367,19.157865748054427
80.0230174795827,19.245225696280023
80.40792372439013,19.33298400697464
80.79458515936416,19.421142496686315
81.1830097884151,19.509702990246765
81.57320565195447,19.598667320809138
81.96518082706137,19.688037329885994
82.35894342764992,19.777814867387406
82.75450160463711,19.86800179165924
83.15186354611166,19.95859996952165
83.55103747750353,20.049611276307722
83.95203166175428,20.141037595902286
84.35485439948818,20.23288082078093
84.75951402918403,20.325142852049147
85.1660189273479,20.41782559948173
85.5743775086866,20.51093098156227
85.98459822628179,20.604460925522904
86.39668957176521,20.69841736738419
86.81066007549435,20.79280225199519
87.22651830672926,20.88761753307373
87.64427287380985,20.982865173246868
88.06393242433425,21.078547144091498
88.48550564533785,21.174665426175146
88.90900126347317,21.271222009097034
89.33442804519062,21.368218891529192
89.76179479692001,21.46565808125791
90.19111036525294,21.563541595225253
90.62238363712594,21.66187145957081
91.05562354000455,21.760649709673675
91.49083904206825,21.859878390194556
91.92803915239601,21.95955955511812
92.36723292115309,22.059695267795497
92.80842943977824,22.160287600987004
93.25163784117211,22.26133863690506
93.69686729988635,22.362850467257285
94.14412703231355,22.464825193289805
94.5934262968782,22.567264925830763
95.04477439422837,22.670171785333977
95.4981806674283,22.773547901922875
95.95365450215196,22.877395415434616
96.41120532687735,22.98171647546432
96.87084261308179,23.086513241409627
97.33257587543811,23.19178788251537
97.79641467201162,23.29754257791849
98.26236860445812,23.403779516693188
98.73044731822273,23.51050089789616
99.20066050273962,23.617708930612196
99.67301789163277,23.725405833999876
100.14752926291742,23.833593837337546
100.62420443920271,23.942275180069444
101.10305328789504,24.05145211185204
101.58408572140242,24.161126892600635
102.0673116973398,24.27130179253618
102.55274121873532,24.381979092232203
103.0403843342374,24.4931610826621
103.53025113832294,24.60485006524647
104.02235177150637,24.717048351900868
104.51669642054964,24.829758265083584
105.0132953186732,24.94298213784378
105.51215874576803,25.05672231386971
106.01329702860843,25.17098114753737
106.51672054106604,25.2857610039591
107.02243970432454,25.40106425903266
107.53046498709566,25.516893299490313
108.0408069058359,25.633250522948373
108.55347602496437,25.750138337956688
109.06848295708164,25.867559164048643
109.58583836318951,25.98551543179114
110.10555295291186,26.104009582834994
110.62763748471644,26.223044069965464
111.15210276613776,26.342621357152993
111.67895965400088,26.462743919604254
112.20821905464635,26.583414243813404
112.73989192415605,26.704634827613557
113.27398926858022,26.826408180228434
113.8105221441653,26.94873682232446
114.34950165758312,27.071623286062778
114.89093896616076,27.195070115151786
115.43484527811187,27.319079864899756
115.9812318527686,27.44365510226778
116.53011000081509,27.568798405922777
117.08149108452153,27.69451236629113
117.63538651797968,27.820799585612065
118.19180776733923,27.947662677991662
118.75076635104534,28.07510426945695
119.31227384007722,28.2031269980103
119.87634185818787,28.331733513683957
